X1,X2,X3,y
0.4967141530112327,7.798710873172004,1,0
-0.13826430117118466,6.849267365825538,0,0
0.6476885381006925,5.119260739840349,1,0
1.5230298564080254,3.706126444588852,0,0
-0.23415337472333597,6.39644662722718,0,0
-0.23413695694918055,5.786970770843499,1,0
1.5792128155073915,6.790386440055465,0,0
0.7674347291529088,6.270343603363939,1,0
-0.4694743859349521,7.09910543063867,1,0
0.5425600435859647,3.9295295768788643,0,0
-0.46341769281246226,7.634788131268651,0,0
-0.46572975357025687,5.395199209384799,1,0
0.24196227156603412,9.150521745250531,1,0
-1.913280244657798,3.6216243638208643,0,0
-1.7249178325130328,8.4719276063305,0,0
-0.5622875292409727,5.395821566925296,0,0
-1.0128311203344238,3.6971639927711033,0,0
0.3142473325952739,4.032228331891357,1,0
-0.9080240755212109,4.3593053836113596,1,0
-1.4123037013352915,5.848331892803833,1,0
1.465648768921554,6.0456709760709995,1,0
-0.22577630048653566,3.852599992122842,0,0
0.06752820468792384,4.951290815478035,0,0
-1.4247481862134568,9.284540717223727,1,0
-0.5443827245251827,8.455086340201422,1,0
0.11092258970986608,5.872647339348064,1,0
-1.1509935774223028,5.076006956336401,1,0
0.37569801834567196,5.240062653436523,1,0
-0.600638689918805,6.227035945460833,1,0
-0.2916937497932768,2.954414869603189,1,0
-0.6017066122293969,4.48524692515331,1,0
1.8522781845089378,1.662831852244821,1,0
-0.013497224737933921,5.798446245210559,0,0
-1.0577109289559004,6.294391879405482,1,0
0.822544912103189,4.033627075401252,0,0
-1.2208436499710222,8.147973526580065,0,0
0.2088635950047554,2.5484686739953175,1,0
-1.9596701238797756,2.0712502395803596,1,0
-1.3281860488984305,5.448903637119944,0,0
0.19686123586912352,7.094196605224309,0,0
0.7384665799954104,8.367855382915737,1,0
0.1713682811899705,4.0822314742621195,0,0
-0.11564828238824053,7.157361666862592,1,0
-0.3011036955892888,4.922983060998585,1,0
-1.4785219903674274,4.654745400118361,1,0
-0.7198442083947086,6.767319874973345,0,0
-0.4606387709597875,6.304645756826839,0,0
1.0571222262189157,1.8472156860315012,1,0
0.3436182895684614,7.9530806994517915,0,0
-1.763040155362734,7.760182708294903,0,0
0.324083969394795,3.748874596980941,0,0
-0.38508228041631654,5.791607066874818,0,0
-0.6769220003059587,5.988060372565478,0,0
0.6116762888408679,5.521347531647814,0,0
1.030999522495951,3.8993896923091595,0,0
0.9312801191161986,3.656753264123897,1,0
-0.8392175232226385,4.9488918580171095,0,0
-0.3092123758512146,7.345458038518729,0,0
0.33126343140356396,6.087200309188865,0,0
0.9755451271223592,4.258771335827788,0,0
-0.47917423784528995,6.54339742129669,0,0
-0.18565897666381712,-0.6970852412601509,0,1
-1.1063349740060282,7.297531400744207,0,0
-1.1962066240806708,1.5205724424438007,0,0
0.812525822394198,4.275118117193736,1,0
1.356240028570823,2.7606602107477123,0,0
-0.07201012158033385,2.4106370485581885,0,0
1.0035328978920242,7.321653574757039,0,0
0.36163602504763415,4.064597597376217,0,0
-0.6451197546051243,5.693007763461432,1,0
0.36139560550841393,4.906158842241632,1,0
1.5380365664659692,5.954081654446243,1,0
-0.03582603910995154,5.15364378212051,1,0
1.5646436558140062,2.4340155516228608,1,0
-2.6197451040897444,6.99253363889428,1,0
0.8219025043752238,4.012486833677375,1,0
0.08704706823817121,1.886836202680498,1,0
-0.2990073504658674,4.143769678068175,1,0
0.0917607765355023,8.00151958126862,1,0
-1.9875689146008928,6.7004434842269855,1,0
-0.21967188783751193,4.302695731184282,1,0
0.3571125715117464,4.301484591363143,1,0
1.477894044741516,4.356729897565235,1,0
-0.5182702182736474,9.153495967121682,1,0
-0.8084936028931876,5.763870904463107,1,0
-0.5017570435845365,5.8600832943821395,0,0
0.9154021177020741,7.060566908063684,1,0
0.32875110965968446,5.477578318053027,0,0
-0.5297602037670388,4.481915708358594,1,0
0.5132674331133561,4.607300301830043,1,0
0.09707754934804039,4.856797481171872,0,0
0.9686449905328892,4.925555526980316,1,0
-0.7020530938773524,6.4552590872739595,0,0
-0.3276621465977682,5.103891771614599,0,0
-0.39210815313215763,6.465280154431158,0,0
-1.4635149481321186,4.838566839782835,1,0
0.29612027706457605,5.157270380632181,1,0
0.26105527217988933,1.0035986309357847,1,0
0.00511345664246089,6.832655349404963,0,0
-0.23458713337514692,5.692976951795986,0,0
-1.4153707420504142,6.996020219719305,1,0
-0.42064532276535904,-0.7925107563873786,1,1
-0.3427145165267695,9.176749409561456,1,0
-0.8022772692216189,4.720820743689653,1,0
-0.16128571166600914,7.216365633475033,1,0
0.4040508568145384,2.9201881457489383,0,0
1.8861859012105302,6.225547810125139,0,0
0.17457781283183896,2.8931688736526877,0,0
0.25755039072276437,3.7524620786083895,1,0
-0.07444591576616721,8.828062707733572,0,0
-1.9187712152990415,4.6186351984733065,0,0
-0.026513875449216878,5.434865746359446,0,0
0.06023020994102644,6.740135461377508,0,0
2.463242112485286,5.991363775945209,0,0
-0.19236096478112252,5.3008378102871525,1,0
0.30154734233361247,5.729922004932451,0,0
-0.03471176970524331,9.80683117047655,1,0
-1.168678037619532,4.884762405932829,1,0
1.1428228145150205,5.402198093429935,1,0
0.7519330326867741,7.1013087920152245,1,0
0.7910319470430469,7.211051865915968,1,0
-0.9093874547947389,7.37406061112076,0,0
1.4027943109360992,6.277460444058369,0,0
-1.4018510627922809,2.713990174539033,1,0
0.5868570938002703,8.266863064602191,1,0
2.1904556258099785,2.707309213962624,1,0
-0.9905363251306883,5.605270930478066,0,0
-0.5662977296027719,3.4914482999612844,1,0
0.09965136508764122,4.871723306814015,0,0
-0.5034756541161992,5.657524820606961,1,0
-1.5506634310661327,5.642714430900546,0,0
0.06856297480602733,5.84384150847057,1,0
-1.0623037137261049,8.227422538117294,0,0
0.4735924306351816,5.90706860302796,1,0
-0.9194242342338032,4.511686729418702,0,0
1.5499344050175394,6.928174336576714,0,0
-0.7832532923362371,7.378940977849281,0,0
-0.3220615162056756,2.544784369726015,0,0
0.8135172173696698,6.194800139699716,0,0
-1.2308643164339552,6.402345484621796,0,0
0.22745993460412942,4.404872993280016,0,0
1.307142754282428,7.751413626623239,1,0
-1.6074832345612275,4.699888825934947,1,0
0.1846338585323042,5.2511529069430845,1,0
0.25988279424842353,4.65385635143226,1,0
0.7818228717773104,5.031158095162935,1,0
-1.236950710878082,2.8074498262095964,0,0
-1.3204566130842763,2.1198982348114113,0,0
0.5219415656168976,8.189010126449944,0,0
0.29698467323318606,3.3060773033633444,0,0
0.25049285034587654,3.0172153010873854,0,0
0.3464482094969757,0.6932197727925704,1,0
-0.6800247215784908,3.7220765046209956,1,0
0.23225369716100355,2.3538204131850033,1,0
0.29307247329868125,8.284030320272738,1,0
-0.7143514180263678,7.019634178685268,0,0
1.8657745111447566,3.6236993096445524,0,0
0.4738329209117875,9.504871610688618,0,0
-1.1913034972026486,6.963530973983189,1,0
0.6565536086338297,4.350337232982755,0,0
-0.9746816702273214,0.0011885702528537934,1,0
0.787084603742452,9.581885145181484,0,0
1.158595579007404,2.220855066472808,0,0
-0.8206823183517105,1.7092025060862164,1,0
0.9633761292443218,7.045140864019281,0,0
0.4127809269364983,9.879504812678546,0,0
0.82206015999449,7.768545637021036,1,0
1.8967929826539474,6.12781824010472,0,0
-0.2453881160028705,6.189508683330572,1,0
-0.7537361643574896,6.706831117560616,0,0
-0.8895144296255233,6.5178571795735305,0,0
-0.8158102849654383,5.562382847938752,0,0
-0.0771017094141042,5.208402207903752,0,0
0.3411519748166439,4.874813744200956,0,0
0.27669079933001905,3.4920708222666477,0,0
0.8271832490360238,4.438649846266452,0,0
0.01300189187790702,1.614086371609229,0,0
1.4535340771573169,4.8033207464105,1,0
-0.2646568332379561,3.022817785698165,1,0
2.720169166589619,2.792821365568458,0,0
0.6256673477650062,5.359788302306957,0,0
-0.8571575564162826,7.784004572689199,1,0
-1.0708924980611123,6.836633212004626,0,0
0.4824724152431853,1.858998792753646,0,0
-0.2234627853258509,3.020743726859325,1,0
0.714000494092092,6.881542375976432,0,0
0.47323762457354485,3.035025212923381,0,0
-0.07282891265687277,4.550733700005951,1,0
-0.846793718068405,6.100104198049104,0,0
-1.5148472246858646,3.0633110902727294,0,0
-0.4465149520670211,5.21075101229192,1,0
0.8563987943234723,2.331949010163591,0,0
0.21409374413020396,3.7972647120975727,1,0
-1.245738778711988,5.639563868285074,0,0
0.173180925851182,1.8140125329366614,0,0
0.3853173797288368,5.880949475920798,1,0
-0.883857436201133,4.960724402146638,1,0
0.1537251059455279,6.104979908834295,0,0
0.058208718445999896,5.447828268129323,1,0
-1.142970297830623,7.728280859947688,1,0
0.3577873603482833,5.250449005295814,0,0
0.5607845263682344,4.141188917749494,0,0
1.083051243175277,5.244595006064568,0,0
1.053802052034903,6.086596058072776,1,0
-1.377669367957091,5.0977201406514085,1,0
-0.9378250399151228,5.081183382407764,1,0
0.5150352672086598,3.5960166243864893,1,0
0.5137859509122088,3.6741981648981037,0,0
0.5150476863060479,2.194789456400613,1,0
3.852731490654721,8.499153486373878,0,0
0.570890510693167,2.51227352921743,1,0
1.135565640180599,3.6141896044081854,0,0
0.9540017634932023,3.5631854688616054,0,0
0.651391251305798,6.789848753888883,0,0
-0.3152692446403456,4.410100643415944,1,0
0.7589692204932674,7.495484145347468,0,0
-0.7728252145375718,3.653018751512263,0,0
-0.23681860674000887,5.557988324447604,1,0
-0.48536354782910346,3.3293058934804853,0,0
0.08187413938632256,9.290298255546777,1,0
2.3146585666735087,2.6248031619409744,1,0
-1.867265192591748,5.619641420454055,0,0
0.6862601903745135,6.267553761864197,0,0
-1.6127158711896517,5.827598194902997,1,0
-0.47193186578943347,4.629424682244584,0,0
1.088950596967366,4.740358600533147,1,0
0.06428001909546277,5.087622943958219,1,0
-1.0777447779293061,4.705995996743023,1,0
-0.7153037092599682,6.927758233589819,0,0
0.6795977489346758,9.421046003182703,1,0
-0.7303666317171367,3.885016429984333,0,0
0.21645858958197486,2.2603940408418444,0,0
0.045571839903813784,4.82343590329749,0,0
-0.6516003476058171,10.159418675308636,0,0
2.1439440893253257,3.3926508640605384,1,0
0.6339190223180112,8.278233610888135,0,0
-2.025142586657607,8.355401628152881,1,0
0.18645431476942764,3.892823516584011,1,0
-0.661786464768388,6.137966158370551,0,0
0.852433334796224,8.256793246257075,1,0
-0.7925207384327007,4.241744518025026,1,0
-0.11473644146689901,4.592839279795276,0,0
0.5049872789804571,3.8366381721027123,1,0
0.8657551941701215,2.9704865386142663,1,0
-1.2002964070557762,3.701444909867986,1,0
-0.3345012358409484,2.552119466475487,1,0
-0.4749453111609562,5.068166936518452,0,0
-0.6533292325737119,3.4600535378827164,1,0
1.7654542402810969,5.467571823581496,1,0
0.40498171096095553,1.8882087075927454,1,0
-1.2608839543350452,5.661760464428914,1,0
0.9178619470547761,6.6670579232178495,0,0
2.1221561970126332,1.0125287148570892,1,1
1.0324652605511468,5.748113139695144,0,0
-1.5193699659540134,7.455337984946585,1,0
-0.48423407286625136,2.580717962617589,0,0
1.2669111491866227,8.345144773675408,0,0
-0.7076694656187807,5.838038018732091,0,0
0.44381942814622843,3.5899762884831823,0,0
0.7746340534293368,4.8884618446845876,0,0
-0.926930471578083,6.116653825043445,1,0
-0.05952535606180008,5.152010782824823,1,0
-3.2412673400690726,6.077511984892738,1,0
-1.0243876413342898,3.1586528138412673,0,0
-0.2525681513931603,5.3387216480721555,1,0
-1.2477831819648495,2.1725710061900396,0,0
1.6324113039316352,4.7775478773026,0,0
-1.4301413779606327,3.1921847170704205,1,0
-0.44004448669698376,3.528940114820467,1,0
0.13074057728609134,7.472186350420875,0,0
1.4412732890661155,7.182620241188538,0,0
-1.4358621511794394,6.218276241814354,1,0
1.1631637521549596,2.815374470654842,1,0
0.010233061019587049,4.367183100610396,1,0
-0.9815086510479509,7.426195399958367,1,0
0.46210347426327075,5.28343382727981,0,0
0.19905969557347003,9.63865907996339,1,0
-0.6002168771587947,5.786635678788744,1,0
0.06980208499001891,5.3840982329800635,1,0
-0.3853135968617602,4.3817670715949975,0,0
0.11351734525124804,5.267081809564565,0,0
0.6621306745210467,4.695060327238912,0,0
1.586016816145352,6.416217353377181,0,0
-1.237815498826849,6.913404633589169,1,0
2.1330333746562666,3.4280210789841012,0,0
-1.9520877995225019,2.337534092884444,1,0
-0.15178509503558332,1.3275892537934069,1,0
0.5883172064845765,6.015982653825088,1,0
0.28099186773503265,2.793266787652253,1,0
-0.6226995198205938,0.6942188140950343,0,0
-0.20812225035727522,5.7771572090619285,0,0
-0.4930009346588328,9.985999034865582,0,0
-0.5893647569442115,4.987858176920214,1,0
0.8496020970210246,6.676981548903283,1,0
0.35701548596504734,5.16365871709513,1,0
-0.6929095952606542,4.8022206936177145,1,0
0.8995998754332507,6.838152965975537,1,0
0.30729952087660933,4.419450911622698,0,0
0.8128621188389601,5.534784628143806,1,0
0.6296288419236122,5.643395612392027,0,0
-0.8289950109220723,3.6638190927139025,1,0
-0.5601810401969696,6.984084699073046,1,0
0.7472936051232618,4.650080486609182,0,0
0.6103702654334648,3.4885096810143104,0,0
-0.020901593964148132,6.073019687140807,1,0
0.117327383308782,3.2030640364179255,1,0
1.277664895788425,5.056362314738257,1,0
-0.5915713888358299,4.981762006711593,1,0
0.5470973811700379,7.171791131663156,0,0
-0.20219265243389406,5.949396465759905,1,0
-0.2176812032272203,4.949946082509713,0,0
1.09877685198719,6.635532598400574,1,0
0.8254163489880298,7.780415098034627,0,0
0.8135096360006385,6.115620612703724,0,0
1.305478807154329,5.0207052396867615,1,0
0.02100384163275905,2.376327535299681,0,0
0.6819529712949639,2.869772673849255,1,0
-0.31026675659345604,4.389550591290664,0,0
0.3241663524884421,3.7809755956814337,1,0
-0.13014305436768459,4.626057394029108,0,0
0.09699596499271819,5.113299849794214,1,0
0.5951570254369136,6.059385508713461,1,0
-0.8182206832334725,4.859002443881818,0,0
2.0923872756854602,5.9730032876524035,0,0
-1.006017381499702,5.12894882962024,0,0
-1.2141886127877322,1.0490668672922574,0,0
1.1581108735000678,3.1213292123624914,1,0
0.7916626939629359,4.7118248885567695,0,0
0.6241198170521551,2.580610514317785,1,0
0.6283455092642799,6.199857459992409,0,0
-0.012246772846914623,8.061501664687395,1,0
-0.8972543714858315,7.437523703394634,1,0
0.07580455819372633,4.573114258139584,1,0
-0.6771617115121117,7.9814522736999045,1,0
0.9751197334177512,5.297334914404223,0,0
-0.14705738150213865,4.325828057763921,0,0
-0.8254971967925115,3.7731946729181205,1,0
-0.32138584165299344,4.395060627023743,0,0
0.41293145427562433,4.223646362917543,0,0
-0.5637245528039747,5.340832444750975,1,0
-0.8222203955664315,5.3211479620997295,0,0
0.2436872114919123,5.006092040306829,0,0
0.24496657110872277,5.8738763394927,0,0
-0.5069431753711298,7.381292549572683,1,0
-0.4710383056183228,6.899108270882648,0,0
0.2320499373576363,2.030204063100193,1,0
-1.4480843414973241,-0.10784226980390965,0,0
-1.4074637743765552,6.868639822478547,0,0
-0.718444221252436,2.266242603169158,0,0
-0.21344715171184725,4.550469196214633,1,0
0.3109075655980046,2.659773947881281,1,0
1.475356216949552,1.3960391248399606,0,0
0.8576596232020194,6.082925456409576,1,0
-0.1599385299634271,6.518310320605294,0,0
-0.01901620790268883,3.846979198546561,1,0
-1.0025293646378088,-0.18208458428981977,1,0
-0.01851313599238993,3.9075111034950343,0,0
-0.2886586389201383,5.783608010805093,0,0
0.3227185603380895,2.0421768624517425,0,0
-0.827230943552323,5.3667198395583116,0,0
0.5193465142411723,4.969380301654009,1,0
1.5327389130025777,6.158582999202177,1,0
-0.1087601484568576,5.239160736828307,1,0
0.40171172209894146,3.0538621182368892,0,0
0.6901439917111125,7.393143003328983,0,0
-0.40122047188583626,4.68294085394606,1,0
0.22409248181041677,4.945390920980136,0,0
0.01259240078179486,3.133464081853608,1,0
0.09767609854883172,4.11343549761698,1,0
-0.7730097838554665,3.2303945719461984,1,0
0.024510174258942714,4.654107880153154,1,0
0.49799829124544975,8.423416960284687,1,0
1.4511436077950417,2.2561977141372873,0,0
0.9592708260852069,1.7728772042465177,0,0
2.1531824575115563,7.942340654987217,0,0
-0.7673475628880495,4.581352645696268,1,0
0.8723206367206782,3.6618545226801666,1,0
0.18334200573835174,7.079809374792153,1,0
2.1898029332176723,3.788768920526272,1,0
-0.8082982853551515,8.652019427093872,0,0
-0.8397218421807761,6.355851742678539,0,0
-0.5993926454440222,4.024177183708595,1,0
-2.123895724309807,9.314616426531007,1,0
-0.525755021680761,3.788570153993323,1,0
-0.759132661553698,6.484190744018614,0,0
0.15039378647620763,5.598585160812984,0,0
0.34175597577715944,7.603482578797596,0,0
1.8761708392158862,8.123022393453706,1,0
0.9504238381860503,5.064008298131533,1,0
-0.5769036556624031,3.4931642593076333,0,0
-0.898414671348358,5.919944285878233,1,0
0.4919191715065057,3.6445692604957878,0,0
-1.3202332070206422,9.026774495053246,1,0
1.8314587658543537,5.273070662165475,0,0
1.179440120721287,4.269356897375783,1,0
-0.4691756521047048,5.3693606117298165,0,0
-1.7131345290908775,2.305747420940607,0,0
1.3538723741654128,3.056771922978697,0,0
-0.11453984525261789,7.400827815888851,0,0
1.2378163119734618,3.6862114420572087,0,0
-1.594427658794367,2.906178034636121,0,0
-0.5993750229537729,6.073305505054572,1,0
0.005243699718183166,7.371408309325994,1,0
0.046980593764742055,6.437906621330134,1,0
-0.45006547147924364,6.992095371611633,0,0
0.6228499323474987,3.4864098228610785,0,0
-1.0676204293825944,2.1563786665163125,1,0
-0.1423794850212935,8.002667303910973,0,0
0.12029563171189886,4.354640322315729,0,0
0.514438834058749,4.498333967089906,0,0
0.7116148780888898,7.656388283698115,0,0
-1.1246420918378692,6.11246001880132,0,0
-1.5341141707356223,5.911775544163215,1,0
1.277676821898509,9.330004689802168,1,0
0.33231401197959165,3.712963539239714,1,0
-0.7484865365565536,6.855680256162474,1,0
1.551151975522523,5.114026249794169,1,0
0.11567463429285867,5.537184557726514,0,0
1.1792971840638264,8.056936852825064,0,0
0.06751848141010895,6.015671512579248,0,0
2.060747924881987,6.076592158099266,0,0
1.7553408424432044,7.145014674619604,1,0
-0.2489641484790735,4.270094540914229,1,0
0.9715709509543554,3.3215806653219873,1,0
0.6453759495851475,2.910381611957933,0,0
1.3686315575323487,1.0672868212479965,1,1
-0.9649234605801045,9.112414259880644,0,0
0.6860514599984393,2.7935832685566337,1,0
1.0584244868495878,4.557492752828456,1,0
-1.7587394864231143,4.446373400222159,0,0
-1.183258512665775,5.614813395618201,0,0
-2.0392321777601006,6.6314744250785935,1,0
-0.26940683444455776,6.720946976719491,1,0
0.7175422557959623,3.8338451228621233,0,0
1.502357052096028,4.665756572427177,1,0
0.07409478041977519,5.5651599009765995,1,0
1.6286155455712918,4.502617747632906,0,0
-1.3801014582148914,8.214691152039986,1,0
-1.7033824393551547,5.981949903276503,0,0
-0.05554769889661878,6.4697555720996345,1,0
0.3840654489393073,6.325762537334826,0,0
-0.03269474809409311,7.34694771497065,1,0
-2.0674421000398766,5.3620431174074135,0,0
-0.08912003951278841,2.406336104088307,1,0
-1.3044695005048532,5.799375903505283,0,0
0.6696725488300385,3.697286212416342,1,0
0.36659824609684827,3.9427666365004863,1,0
-0.9398797863273552,6.172728037510186,1,0
-0.5138669173366935,7.476566142867272,1,0
-1.0592135218889516,5.042543153472123,1,0
-0.06267909727317188,5.617666025197927,1,0
0.9551423205012383,8.404429889270476,1,0
-0.9857260463355437,5.4815063589771365,1,0
0.5040465155178444,10.203366228360789,1,0
-0.5302576183724408,6.1310192912630885,0,0
-0.7928728322623442,1.4784744816883646,0,0
-0.10703035995455783,6.506683242209065,1,0
-1.035242322419374,5.7623167697655555,0,0
-0.553649305347182,7.579505508165491,1,0
-1.1978778925888485,6.346362702539917,1,0
1.9647251329163893,4.723088032032452,0,0
0.03526355197172861,2.5514035274212685,1,0
-0.6997255079925856,4.58195348542795,1,0
0.213979910734222,3.2989590915813998,0,0
-0.11232804969082982,3.8389531003905546,0,0
-0.22096959953322298,6.177156808841219,1,0
0.6141667000434252,8.339809008702812,0,0
0.7575077100473051,5.7893430596459625,0,0
-0.5305011476105275,2.6082338759296313,1,0
-0.57581824064468,5.889205336440281,0,0
-0.275051697151644,7.393262973291302,0,0
-2.301921164735585,3.780434191361236,1,0
-1.5151910621985523,4.7319656666541645,0,0
1.3668742674445247,5.0293763894583945,0,0
1.6449677135012837,3.43020337383552,1,0
-0.24903603955637832,6.2965608676877185,1,0
0.5765569630557664,4.758103702784437,1,0
0.3112501545435361,5.839064887814056,0,0
3.0788808084552377,3.2250156443958,1,0
1.1195749114345768,4.125083399353179,1,0
-0.12791759148076653,6.444762715655543,0,0
-0.9555404406004258,4.254333695816466,1,0
-1.6064463202575725,8.45392770246681,1,0
0.2034636358672231,4.200727628770795,1,0
-0.7563507452843033,5.449369451503772,1,0
-1.4222537095976742,6.8651816637461796,0,0
-0.6465728842425266,2.1632685341339366,1,0
-1.081548003614395,1.4783823760384482,1,0
1.6871416350725648,1.9486873708598105,0,0
0.8816397569494505,7.525168206854364,1,0
-0.007972641316617372,3.8962837082151065,0,0
1.4799441388900259,10.116398571336504,0,0
0.0773683076476183,3.871504802685223,0,0
-0.8612842013282637,5.369102606394074,1,0
1.5231240772696573,8.08421990513575,0,0
0.5389100436846587,9.012185776318246,0,0
-1.0372461543264564,9.123007153272795,0,0
-0.1903386780836082,7.416732461186285,1,0
-0.8756182533847572,7.048125051622925,1,0
-1.382799730964336,6.185053898402366,1,0
0.9261775475316414,6.5567221523332755,1,0
1.9094166404701305,3.897628567342933,1,0
-1.3985675738191412,3.363602233155386,1,0
0.5629692366905709,4.993251085178096,1,0
-0.6506425691218269,4.659630754950143,0,0
-0.48712538376469605,4.093543901345449,0,0
-0.5923939242388692,6.392774894913431,0,0
-0.863990769679816,6.910610417141021,0,0
0.04852162794482699,5.176813772583695,1,0
-0.8309501164110378,7.955060162110524,0,0
0.2704568257798388,2.71662177173299,0,0
-0.05023810944913695,4.612681081440564,0,0
-0.23894804686640975,3.5663553587943904,0,0
-0.9075636620415979,1.26692676585388,1,0
-0.5767713305683327,4.834638628314601,1,0
0.755391225825756,4.756504983233433,1,0
0.5009171876243808,8.026899486484261,0,0
-0.977555244798551,6.2616233691095555,1,0
0.09933230542922587,2.95162635134159,0,0
0.751387123371789,8.708185132668376,1,0
-1.6694052811213718,7.442067391050706,1,0
0.543360192379935,6.164195406937232,1,0
-0.6626237589458467,4.547031802300336,1,0
0.5705986685931593,3.0811215265530407,1,0
-0.7632591565425169,4.255586447857894,0,0
-1.804882100664519,7.177497239408372,1,0
-1.6275424378831627,8.769172611869218,0,0
0.048084946661381994,8.086487056544378,0,0
0.25972250172148187,4.022301156427452,0,0
-0.9043166251044086,2.7607651334219776,0,0
0.6385924587773739,5.281772493822408,0,0
-1.6615200622689599,1.4631212688742967,1,0
-0.06607979864731657,5.646335428369563,1,0
-1.2110161997624567,4.7047948274026625,1,0
-0.6518361078021592,4.067926996263515,1,0
0.047398671316414016,1.810593865466409,0,0
-0.8604133652839524,6.027200213139433,1,0
-0.38455554422982535,3.9345983206761774,1,0
1.0062928092144405,2.660166328579424,0,0
-0.5768918695231487,-0.7445244265632986,0,1
0.8356921120651418,4.9449701898987275,1,0
-1.129706854657618,8.544503193339487,1,0
0.5298041779152828,8.32251842909574,0,0
1.4415686206579004,4.0858074868274565,1,0
-2.4716445001272893,3.7955758792764387,1,0
-0.7968952554704768,5.937548512150047,1,0
0.57707212718054,3.0032291216234173,1,0
-0.2030453860429927,5.6035837996389315,0,0
0.37114587337130883,6.53216055676938,0,0
-0.6039851867158206,7.453866447768615,0,0
0.08658978747289992,4.799691847040094,1,0
-0.15567723539207948,4.592652499646068,1,0
1.1677820616598074,3.244034826486878,1,0
0.2544208433012131,3.3462392919202797,1,0
0.3376026620752022,4.547042216196947,1,0
-0.4118769661224674,5.734731013632356,0,0
-0.48760622407249354,6.827169252466499,1,0
-0.4325581878196209,3.3936420986393103,1,0
0.39445214237829684,7.985377137919043,0,0
-0.42098448082026296,4.457752797914862,1,0
0.2897748568964129,4.957265411303128,0,0
2.075400798645439,3.5055766417043532,0,0
0.8711247034316923,0.1515194794541168,0,1
-0.32602353216784113,6.7680907927220995,0,0
1.2012139221639448,6.473687794184867,0,0
-0.4080753730215514,4.437344885763573,1,0
-2.038124535177854,5.133981434449744,0,0
-1.008086310917404,6.031878435408199,0,0
-1.8707919210258557,1.8749082862269146,1,0
-0.35151348404130867,3.9418946453074106,1,0
0.0184183791895517,6.588529359243655,0,0
1.6764373122752827,2.491421153661501,1,0
0.32692737376416264,5.587115864333258,1,0
-0.21910052880886424,2.28683639075319,0,0
0.8294055811834892,5.932859964867053,0,0
-2.211135309007885,4.9287170354050325,1,0
0.23561455810856594,1.769736368188981,0,0
0.7708651938869668,7.329478708914342,0,0
-1.4785862457798415,3.5308168464039014,1,0
1.143754043206929,3.3794951259712382,0,0
0.3384964074944141,5.401138394461886,0,0
-0.4152879139008013,7.29727469885743,0,0
0.6327818661062848,2.968356362043206,0,0
2.270692857804396,5.123359699695944,0,0
0.18186625505849516,5.857633000661146,1,0
0.24822058630033608,6.386211214526288,1,0
-0.4593608995402441,5.35288311055445,0,0
-0.8498443694647918,4.265944321833356,1,0
0.8303358165442456,3.344819558702561,0,0
-0.8560838259088672,5.172287766092749,0,0
0.07156623721939247,2.855721976028786,0,0
-0.4776574467651167,-0.8427009669892147,0,1
0.47897982574639186,5.873119608315336,0,0
0.3336621052869483,6.807869682172391,1,0
1.0375399442578992,0.2741351289163232,1,1
-0.510016398854747,2.980538590580125,0,0
-0.26987493529337125,6.238308522010396,1,0
-0.9787637157823074,9.114990939423397,0,0
-0.4442932600761116,5.041587415350816,1,0
0.3773004930448522,3.543994117541731,0,0
0.7569886166453519,4.63420711779032,1,0
-0.9221653241776254,7.74975283829637,0,0
0.8696059201056602,3.708071641750929,0,0
1.355637858804951,3.401615986699493,1,0
0.41343490322370086,4.034512955635935,1,0
1.876795812558066,3.0933427834825755,0,0
-0.773789199103573,5.245340631989591,1,0
-1.244654703311417,8.24935691693912,0,0
-1.7787202489042786,5.6461585462320585,1,0
1.496044311489183,4.495292995747425,1,0
0.6543656563540577,4.416377462168912,0,0
-0.05558467091045507,1.873618382606686,1,0
0.2799686263198203,6.766219554294318,1,0
-1.1254890472983765,4.8443256059743955,0,0
2.4457519796168263,4.639040172818749,1,0
0.1292211819752275,11.38621513568972,0,0
0.10939479460489289,5.597505816731372,0,0
0.725766623898692,3.4964178998096314,0,0
0.4810092317367132,4.147284807588913,0,0
0.22388402427913137,7.29689141839351,0,0
-0.7904744554453119,5.226540821075529,1,0
0.4714683571359957,2.1234440433652666,0,0
1.8820244964750337,6.838457869150407,0,0
1.3454200461549777,3.663711828922012,1,0
1.593186626639397,8.74659555243509,1,0
-0.5112156764311852,7.160096131429297,1,0
-0.9896048202585809,4.1053562086824975,0,0
-0.12578692009964815,7.562032723470226,0,0
0.055724912288694604,5.1357110210548065,0,0
1.0941915184709485,6.705547350244439,1,0
-1.6924646297148194,5.96946563458895,0,0
1.5295503194606137,3.3072866900182527,1,0
-0.15800789857898942,3.712900335365076,0,0
-0.42688106994742003,7.059921635162322,1,0
-1.0121043752601675,4.330449335786918,0,0
-1.6548566718657693,4.1927030735160065,0,0
0.8231705839619146,3.089754841301294,0,0
0.07331796718840389,5.847198131186922,1,0
-1.2899608997410539,9.12504983848629,1,0
-1.295078772063616,2.8649341714914542,0,0
-0.3357846992901282,5.0484389133455165,0,0
1.669021525289393,7.8244411108308585,0,0
-0.2595913513636048,4.84071721750857,1,0
-1.5031429531181062,5.904743592499468,0,0
-0.24574306408594432,2.8752129437062406,0,0
-0.2727235697476705,5.856614194415297,0,0
-2.6968866429415717,4.625711469990902,0,0
-0.05429486651781221,6.971459991359726,1,0
-0.23093453020867796,7.374772103129502,1,0
0.6962063648134184,10.179127284037229,0,0
1.8489560949453452,6.1592663464271515,0,0
1.1265650295477574,5.6515926331643325,1,0
-0.26888869055483056,5.388768603154672,1,0
-1.1065259087416703,4.293667414378623,0,0
2.5733598032498604,5.6769676869233825,1,0
0.05921843401448826,4.409197179721941,1,0
0.013929291912946203,5.336921952539228,0,0
-0.024125087110003277,7.63519507121592,1,0
0.19808476076785494,2.9869148694407177,1,0
-0.14436041192394247,7.279757122258091,0,0
-0.5736620068802363,7.634230134679731,0,0
-0.5468589412403921,4.763862946017842,1,0
-0.03275327021599839,0.7562902019828108,0,0
-0.543424771133765,3.7843560258111353,1,0
-0.7128457826771644,7.593989093122218,0,0
0.10643022769189683,4.954263875402236,1,0
-0.2549772174208553,3.0013955354101785,0,0
1.5039929885826886,3.990450157543565,1,0
-2.650969808393012,6.681240053009106,1,0
1.0915068519224618,6.093467136402759,1,0
1.246085192497629,4.522135801660611,0,0
-2.0733902324081495,4.266351176370625,0,0
-0.34268759408034877,4.216483701912356,1,0
-0.37144086599579146,3.155179631002995,1,0
-1.4075116947178212,8.230751378938884,0,0
-0.7778166875908753,4.35535906157732,0,0
-1.1105758454658288,7.434317041650993,0,0
1.7522704434236227,8.042632103844902,0,0
0.9356783931474612,6.996621796295921,0,0
1.2715550949941588,4.136759374563903,0,0
0.7216720640432351,5.807460180673219,1,0
-1.1290517712172292,4.951608787218167,0,0
-0.5245202662797737,3.1925962785397437,1,0
0.48937456122791806,5.6487185634432056,0,0
-1.2221278088919454,2.641920417680395,0,0
0.7129984301723881,7.375358776923127,1,0
-0.24032539815813503,4.070765405403214,1,0
-0.3748208075495975,5.4023193117456785,0,0
0.7109599682034915,5.566575743092284,1,0
0.44426331148603976,4.482190052591846,1,0
-0.3609661658190799,6.17338760295055,1,0
1.159329803364248,4.050192686754951,1,0
-1.0810633275998973,6.742594594914488,0,0
0.6159356069442637,2.308040639506503,1,0
0.5931012579683838,5.2527591590928235,0,0
-0.3095464393139903,8.87785799811657,0,0
0.326133022242118,2.9993373507888506,0,0
-1.251113576385303,3.644510058950297,0,0
0.924027019206901,6.02781569931783,1,0
-0.18490213644298903,5.359163563879196,1,0
-0.5227230205190395,5.701260198547119,0,0
1.0490092258368893,5.978374260295327,0,0
-0.7043436905427592,6.269442937123539,0,0
-1.4084612963635597,7.219399683912446,0,0
-1.5566291735239037,5.819637313857025,1,0
0.6060099513456396,4.517484690762915,0,0
-1.280429352496283,6.345147402405463,1,0
1.7547941819843647,8.799763869790432,0,0
-2.081929407883722,4.7347325072348525,0,0
1.6964563682900382,3.050941390658717,0,0
0.2110174672026184,7.214161338573946,0,0
-0.09671311187039239,4.759237672092803,1,0
-0.5449190868089497,0.6546609079719277,1,0
0.39913611435207086,6.694843354300843,1,0
-0.037634702424848364,3.9293436280921545,0,0
1.1033018820165215,4.818933435391679,0,0
0.11422764866203965,5.663960661138029,1,0
0.1503017614618776,5.380999359558133,1,0
-0.36361221221385587,6.418903634278079,0,0
-0.056945623721067457,4.129027258860313,0,0
0.3078017688920592,6.026211596352166,1,0
-1.7101683926566256,4.4809066448321655,0,0
-1.348185422105713,6.477620961775006,0,0
0.743264094022715,6.230734968026107,1,0
0.17086543812794186,3.1291225959108093,0,0
-0.18398333635267913,7.1719642323500645,1,0
0.01843393306539316,3.928073109771904,0,0
0.34758170536167105,6.61611559656229,1,0
-0.5397596803093615,5.734574626802681,0,0
-0.7783047254023127,8.676367353590244,1,0
0.19584525509768155,4.553068035256295,1,0
-0.978372777615032,4.301366407763605,1,0
0.40825275571447184,4.961160788224535,1,0
-1.7025836042378404,4.3936404343314495,0,0
1.0291556373256436,6.5998838038841,0,0
0.472597482413043,1.7673787831268242,1,0
0.25602973431387566,2.892635161707292,0,0
0.9826909839455139,2.864394156841614,0,0
1.6654744444625766,6.900615183947151,0,0
1.0143700650181304,8.42122674516385,0,0
-1.8408742313316453,4.791101562925057,0,0
-1.2795769667357015,4.662356553619979,1,0
-0.6248185776956788,5.140104326226362,1,0
0.026091050210833786,7.323756605216381,1,0
0.517659020469123,3.145293731618852,1,0
-0.7257438131534656,5.47673796546957,0,0
0.18676676447707832,6.95039525956486,0,0
-0.7553829323533225,6.002188339879691,1,0
-0.6115178029919482,5.379163233197486,0,0
-1.4066610968482223,7.002092185134282,0,0
-0.9232332461109043,-0.40646458599847435,1,1
-1.3516846056163336,6.3557506390618155,0,0
-0.9758732529773327,3.6918486337451526,1,0
1.0536417966078395,1.3387342062870862,1,0
-0.949398888831943,6.022405199049961,0,0
2.632382064837391,7.747317090325915,0,0
0.4933179008808892,4.725102970744616,1,0
0.1848361236948739,6.905749094405878,1,0
-0.8583577801812136,8.22455651597729,0,0
0.7003098794089914,7.629828907168095,1,0
-0.5756378262377739,8.279929058742786,1,0
0.12200981464536144,6.484254982143785,1,0
2.5600845382687947,5.150867277803186,0,0
-0.09605989972464987,1.796068376205663,1,0
1.1492733262856758,4.507875023740103,0,0
-0.7031764251258874,3.3135068093676168,1,0
-0.0349884904969617,9.341885434995628,0,0
1.77080063563551,4.648228375135327,1,0
-0.6269670577877674,5.2464096135689715,0,0
1.8124485579969287,6.102970752080935,0,0
0.7077519354554754,5.087204892744907,0,0
-0.5624667758942676,8.390102080861507,1,0
0.632407739055521,3.754701276531096,1,0
0.9725544496267299,5.389214910474485,1,0
0.6218099622171964,3.5150588286039035,0,0
-1.5702247198904564,2.3599549775585884,1,0
-0.7271371758248686,3.7764618181894294,0,0
-0.24751863555150475,4.9259264059031755,1,0
-0.07443342910004629,4.1413955509654805,0,0
0.620672097550678,3.615158040252288,0,0
0.17770100093325383,2.1873650726563323,0,0
-1.3353443587101013,4.83378885474261,1,0
0.3801978510059632,1.9905592519379955,1,0
0.6105857452838231,6.520111927379205,1,0
0.5597904479310398,5.164879505869006,0,0
1.0807807255546218,2.084897001070139,0,0
0.8339221545489041,4.381581845900273,1,0
0.4591800792284367,3.4956871888188337,1,0
-0.07016571145864703,5.638349020838361,1,0
-1.6609609335159914,7.680900892046289,0,0
0.42961821913258585,1.2496550607085108,0,0
0.20768768716311115,5.230052158294835,0,0
0.27157883719537346,4.679734408866719,0,0
-1.2767485758203094,6.342680152900932,0,0
-1.0810565404082624,5.426393256475379,1,0
1.0531528533329035,3.496061336522362,0,0
-0.03955515385665504,4.361892128666764,0,0
0.6815006973726244,3.407948286393022,0,0
0.028318376130461172,7.152014277197196,0,0
0.02975613949574519,5.0426232973438845,0,0
0.9382838059759977,8.802381371506016,1,0
-0.5160447282173739,4.878678372370758,0,0
0.09612077694098337,3.5831864661790744,0,0
-0.4622752887050425,1.9725712147743457,0,0
-0.4344962274323156,1.3937206474881099,1,0
-0.30917212346863937,1.8317281139890205,1,0
0.22213377163371284,5.534253302022967,1,0
-0.4787486216634773,6.017450046459867,0,0
1.2557561255735208,1.8376185959357332,1,0
-0.8946073022195039,6.790076628152231,0,0
-0.18687164416135904,4.033877896633121,0,0
-0.4397310582741749,5.293586023971098,1,0
1.4469778843537329,8.224441256510849,0,0
0.19655477651157463,6.793678631731064,0,0
1.0318445394686349,4.4629387041883355,0,0
-1.485560373036972,3.217615549169425,1,0
0.26705026586925884,0.6963691973413901,0,0
0.889630795623437,3.56169336151516,0,0
0.08228398927542419,4.577739522344611,1,0
1.0654803750653512,3.0256409456976323,0,0
-0.5172884501003722,4.737486065815391,0,0
1.40934744018558,5.153703765917537,1,0
2.2988981236192503,4.550288036383843,0,0
-0.36283856043965906,3.6999948383530805,0,0
-0.4455025214007718,5.337309343933455,0,0
1.453384477117701,5.883881299138818,0,0
1.5795721457307124,2.819201845114308,0,0
-0.5228600271532683,7.82186475949254,1,0
-0.42018681709585726,4.802823735431477,1,0
-0.2817846088605072,5.037699245889695,1,0
-1.344450511034277,6.4164288465131145,1,0
-0.9186519464841982,5.466432262527003,0,0
-1.0041407667520679,6.90627326782649,0,0
-0.7677975651041284,5.574248330403648,0,0
-0.03468488738678118,3.775125250719124,0,0
0.23421473253652075,5.723007050412203,0,0
1.5505004928140769,2.7125475853586765,1,0
-0.998354040738791,5.217119411553046,1,0
0.9843223984765838,4.933540018711079,0,0
-0.21398884422550896,4.583766285454921,0,0
-0.04946370965243295,4.742924977122138,0,0
0.6748194921666038,1.2363019090047218,1,0
-1.1227220215622986,3.902550184518077,0,0
0.3824097461840506,5.185689802282229,0,0
0.1664522082130561,5.319712783994801,0,0
0.4924512640081491,2.9446497181480837,1,0
0.2891686439078181,7.531415681729401,0,0
2.4553001399108942,3.2676503035709983,1,0
-0.637739984251316,6.938914401053474,1,0
-0.5309969550018176,5.854388723743369,1,0
-0.6231405264247644,3.7075453803123937,1,0
-0.5554771191602547,8.550621785219024,1,0
-0.6373871273065177,2.61272633648704,1,0
1.1890165311075518,6.8383083472200035,0,0
1.4205042479898549,7.0011646360859565,0,0
-0.5707462937494763,3.6587595818467102,0,0
-0.8323555731042287,7.784930600128657,1,0
0.4714155563864041,4.499906970802094,0,0
-0.5522230442809712,5.577387258559714,1,0
0.6329318177555108,5.5206436775424415,1,0
0.2029230208512997,4.731382517058904,1,0
-1.515744114997232,6.621616546319564,0,0
1.5475052013300616,6.586977441104426,1,0
1.7958776730955217,1.5029360535236385,1,1
-0.6127886904843862,7.608680485756305,0,0
-0.38770155993598415,1.6750160239286513,0,0
0.28586539072490497,7.065092408683315,1,0
0.334456789987025,7.253410273655167,1,0
0.6585442726728304,2.8180671395696035,0,0
2.0102045387663496,4.17837142409083,0,0
-0.1769472274940494,2.7885906630281285,0,0
-0.7982972445384537,4.570157939422529,1,0
-1.3793192280145272,4.383931431628517,0,0
-0.7309300399419191,6.55932106453868,0,0
-0.033126972873797095,7.620617492239217,0,0
1.7945578635177877,7.791367621579912,1,0
-0.5176112990361714,3.875663946843396,0,0
0.2237879516388985,4.581556252510945,0,0
-0.016422896072752075,1.6331236155580995,0,0
1.188393273448084,3.3882598670076227,0,0
2.5269324258736217,6.929703266194915,0,0
-0.5308687729203206,8.231165647096464,1,0
-0.48943944251822213,2.531302256240156,1,0
1.044160877069072,3.8150714816942113,1,0
0.6818914896263114,4.947188486082146,0,0
1.8467073257360336,5.560322317639214,1,0
0.5839281853259639,3.3807929601567075,1,0
-0.35929209078705954,5.8481220889281795,1,0
0.5906548306923093,4.052321305858168,0,0
1.1087035805829077,4.9710954582434415,0,0
0.820482181197364,6.092568496007399,1,0
0.5072740311072977,5.0128445396218755,1,0
1.066674689589154,4.127228218946863,0,0
1.1692955904456728,4.780780392148339,0,0
1.3821589910375272,4.82327408158933,1,0
0.6487098875896427,4.2599779402357445,0,0
-0.16711808031685435,4.482407874665795,1,0
0.14671368643332283,8.197294341009433,0,0
1.2065089665083568,6.121838895882478,1,0
-0.8169356709872361,4.409039363941679,1,0
0.3686733088729012,6.393908809021472,0,0
-0.3933388123273607,4.33236102048798,1,0
0.028744822934817487,7.346249275173283,1,0
1.2784518626072987,5.739284384396187,1,0
0.19109906801990334,4.7853957119915425,0,0
0.04643654815614881,5.895433851620555,0,0
-1.3598561409799192,1.8582476958630014,0,0
0.7462535660272207,2.7464650621803894,1,0
0.6454841811410754,2.612149987201889,0,0
2.16325472330546,5.285886189527414,1,0
-0.30777823495300083,8.465029998970184,1,0
0.21915032766393897,9.462600292385265,0,0
0.24938368371075526,6.276102202881514,0,0
1.5774532797634744,6.001688949888914,1,0
-0.0952955323869521,1.397884531694522,1,0
0.27902152577033923,3.9146524005319563,0,0
0.6078965097165392,3.424432496183522,0,0
0.1866091231563581,3.7583048034977677,0,0
-0.44643361455052827,4.663712362830421,1,0
0.19408999289830758,4.055818844605746,1,0
1.073631749859772,1.0414003792484245,1,1
-1.0265152994110602,6.495820512235068,1,0
0.132969674146876,2.854513948520387,1,0
-0.7001208149391732,5.478493728222299,0,0
1.1950466289248425,9.148165339499947,0,0
-1.5231869047837747,3.1612308168271532,1,0
-0.5589218472715883,-0.06057504549265946,1,1
0.37721187506452086,4.427991556239778,0,0
1.5655240292343404,7.201919269997142,0,0
-0.0657502610729878,8.916694908441187,0,0
-0.5551995266931984,2.5409008110951663,0,0
1.8811570694405901,5.993398446473043,1,0
-1.448013900416244,4.069379086439893,0,0
-2.198805956620082,4.788103291391729,1,0
0.4400144500533324,10.28868669403407,0,0
-0.5020542243526112,1.9940593432096936,0,0
-1.0212328171307132,5.5074793229891466,0,0
0.7083564472993533,5.935386343530866,1,0
0.24380071377119883,7.171572649878694,1,0
-0.5640786307367284,5.1959663069417905,0,0
-1.2803043986708944,5.616101079008205,1,0
0.8724573282801447,4.216702865156417,1,0
0.650201177958661,5.538253882490214,0,0
-0.09917586377938291,4.313615449005179,0,0
1.8466369960476658,6.243143779712102,1,0
-1.0700847663261526,4.260779327912732,1,0
-1.5255251709247388,5.754200787804373,1,0
-0.6919080698812444,4.941474372630044,0,0
-0.045586016355497805,7.252100501544336,0,0
0.24333944932269183,4.897212552823028,1,0
-0.24123605785632987,1.4539350635862371,0,0
0.3520553965142968,7.523843001427983,0,0
-1.251539424190444,3.1885353982747624,1,0
1.4437646040732595,3.6924673227023606,1,0
-0.0821511783925688,3.808677411913016,0,0
1.1172958315881276,7.748876186341635,0,0
0.34272534637770413,0.728651572042609,1,0
0.4567532191537839,11.275497067319987,0,0
0.5697672802322039,7.112113618132104,0,0
0.44770856001731496,5.4464778282583195,1,0
0.6427227598675439,4.890211998767427,1,0
1.3291525301324314,5.571108149715314,0,0
0.19652116970147013,6.042244856758677,0,0
0.7090037575885123,6.290431171900114,0,0
-0.08973569428722672,6.111208932006897,1,0
1.4401172154494728,5.179161362510498,0,0
-0.6763923020592697,4.605323159385348,0,0
1.8009404329108156,4.697453432692977,1,0
-0.04015795064434341,4.610183439294638,1,0
-1.4307751021180481,7.2675401937341295,0,0
0.12810441491078928,6.1871134445617235,1,0
-0.6810516574748808,-0.8807772693285605,1,1
0.8406435489887241,6.311801553059522,0,0
-0.6526239793023909,5.389472389437549,1,0
-0.4461834332147797,4.962582487108206,1,0
-1.889540730945531,4.222963093822228,0,0
-0.4523063192490767,7.2482254399720265,1,0
-2.4238793266289567,6.895052924245716,0,0
-1.5839028234857233,3.4542446643527818,0,0
0.7604146561442974,5.81410457424907,1,0
0.7858001586508322,3.0566865309174283,1,0
0.42545756178496474,2.240763670422139,1,0
-0.966976143129213,3.74656555082007,0,0
-0.047711356141979855,6.724786944765517,1,0
-0.0036025390905684044,6.906250090752174,0,0
-1.1583646891925428,6.026170840194586,1,0
1.5033983017671506,6.450191573695994,1,0
0.8773622905756714,6.032356574229917,1,0
-0.22096417382966393,3.7170368095540955,0,0
0.02688583899453078,5.8638450893478815,1,0
0.20838280794755248,6.600819050455365,1,0
-2.0417348684242906,6.508582659627148,0,0
-0.24717738252059693,7.377826742949286,0,0
-0.6819842479977986,6.416607694402128,1,0
-1.0016200098949155,5.702896415083166,1,0
-0.2811002928859549,7.140300476632855,1,0
1.7976865268495226,4.9469574815018795,0,0
0.6408428612670098,3.2362506975445644,0,0
-0.5711789897827968,4.673866072112472,0,0
0.5725827813561586,3.510194710387102,0,0
